{"cameraMode":{"drawMode":0,"name":"Shaded","section":"Shading Mode"},"sceneLighting":true,"audioPlay":false,"sceneViewState":{"m_AlwaysRefresh":false,"showFog":true,"showSkybox":true,"showFlares":true,"showImageEffects":true,"showParticleSystems":true,"showVisualEffectGraphs":true,"m_FxEnabled":true},"in2DMode":false,"pivot":{"x":6.839052200317383,"y":-0.9915390014648438,"z":-1.409088134765625},"rotation":{"x":0.34253913164138796,"y":-0.39261969923973086,"z":0.16042651236057282,"w":0.8383238911628723},"size":13.816023826599121,"orthographic":true}